ZIPѓtѓ@ѓCѓ‹–ј,Џo—Н”NЊЋ“ъЃEЋћЌЏ,’n”Ф‹ж€ж,’n”Ф,’n”Ф‹ж€жЃi•MЉE–ў’и’nЌ\ђ¬’n”ФЃj,’n”ФЃi•MЉE–ў’и’nЌ\ђ¬’n”ФЃj
15541-1107-1.zip,202202031502,’†итЏйЊSЉ`Ќи’¬,•MЉE–ў’и’n-34,’†итЏйЊSЉ`Ќи’¬,851
15541-1107-1.zip,202202031502,’†итЏйЊSЉ`Ќи’¬,•MЉE–ў’и’n-34,’†итЏйЊSЉ`Ќи’¬,852
15541-1107-1.zip,202202031502,’†итЏйЊSЉ`Ќи’¬,•MЉE–ў’и’n-34,’†итЏйЊSЉ`Ќи’¬,853
15541-1107-1.zip,202202031502,’†итЏйЊSЉ`Ќи’¬,•MЉE–ў’и’n-34,’†итЏйЊSЉ`Ќи’¬,859
15541-1107-1.zip,202202031502,’†итЏйЊSЉ`Ќи’¬,•MЉE–ў’и’n-34,’†итЏйЊSЉ`Ќи’¬,860
15541-1107-1.zip,202202031502,’†итЏйЊSЉ`Ќи’¬,•MЉE–ў’и’n-34,’†итЏйЊSЉ`Ќи’¬,861
15541-1107-1.zip,202202031502,’†итЏйЊSЉ`Ќи’¬,•MЉE–ў’и’n-34,’†итЏйЊSЉ`Ќи’¬,862
15541-1107-1.zip,202202031502,’†итЏйЊSЉ`Ќи’¬,•MЉE–ў’и’n-34,’†итЏйЊSЉ`Ќи’¬,863
15541-1107-1.zip,202202031502,’†итЏйЊSЉ`Ќи’¬,•MЉE–ў’и’n-34,’†итЏйЊSЉ`Ќи’¬,866
15541-1107-1.zip,202202031502,’†итЏйЊSЉ`Ќи’¬,•MЉE–ў’и’n-34,’†итЏйЊSЉ`Ќи’¬,867
15541-1107-1.zip,202202031502,’†итЏйЊSЉ`Ќи’¬,•MЉE–ў’и’n-34,’†итЏйЊSЉ`Ќи’¬,868
15541-1107-1.zip,202202031502,’†итЏйЊSЉ`Ќи’¬,•MЉE–ў’и’n-34,’†итЏйЊSЉ`Ќи’¬,868-2
15541-1107-1.zip,202202031502,’†итЏйЊSЉ`Ќи’¬,•MЉE–ў’и’n-34,’†итЏйЊSЉ`Ќи’¬,868-1
15541-1107-1.zip,202202031502,’†итЏйЊSЉ`Ќи’¬,•MЉE–ў’и’n-34,’†итЏйЊSЉ`Ќи’¬,869
15541-1107-1.zip,202202031502,’†итЏйЊSЉ`Ќи’¬,•MЉE–ў’и’n-34,’†итЏйЊSЉ`Ќи’¬,889-2
